Trade #,Type,Signal,Date/Time,Price USD,Contracts,Profit USD,Profit %,Cum. Profit USD,Cum. Profit %,Run-up USD,Run-up %,Drawdown USD,Drawdown %
199,Exit Long,Profit Target Reached,2024-06-11,3.1480,10,166.98,5.61,10394.51,0.83,174.73,5.87,17.37,0.58
199,Entry Long,Long,2024-06-10,2.9749,10,166.98,5.61,10394.51,0.83,174.73,5.87,17.37,0.58
198,Exit Long,Profit Target Reached,2024-06-05,2.7566,10,138.13,5.28,10227.53,0.69,164.89,6.30,16.71,0.64
198,Entry Long,Long,2024-06-04,2.6131,10,138.13,5.28,10227.53,0.69,164.89,6.30,16.71,0.64
197,Exit Long,Profit Target Reached,2024-04-25,1.9769,10,334.78,20.41,10089.40,1.69,346.46,21.12,1.64,0.10
197,Entry Long,Long,2024-04-24,1.6385,10,334.78,20.41,10089.40,1.69,346.46,21.12,1.64,0.10
196,Exit Long,Profit Target Reached,2024-04-18,1.7415,10,65.69,3.92,9754.62,0.33,100.43,6.00,20.67,1.23
196,Entry Long,Long,2024-04-16,1.6724,10,65.69,3.92,9754.62,0.33,100.43,6.00,20.67,1.23
195,Exit Long,Trailing Stop Hit,2024-04-11,1.7635,10,-78.60,-4.27,9688.93,-0.40,96.06,5.22,100.74,5.47
195,Entry Long,Long,2024-04-01,1.8385,10,-78.60,-4.27,9688.93,-0.40,96.06,5.22,100.74,5.47
194,Exit Long,Profit Target Reached,2024-03-25,1.7936,10,137.15,8.29,9767.53,0.70,163.45,9.88,1.65,0.10
194,Entry Long,Long,2024-03-24,1.6530,10,137.15,8.29,9767.53,0.70,163.45,9.88,1.65,0.10
193,Exit Long,Profit Target Reached,2024-02-26,1.7524,10,165.56,10.45,9630.38,0.85,242.42,15.29,1.58,0.10
193,Entry Long,Long,2024-02-25,1.5835,10,165.56,10.45,9630.38,0.85,242.42,15.29,1.58,0.10
192,Exit Long,Profit Target Reached,2024-01-09,3.1546,10,254.45,8.78,9464.82,1.32,488.41,16.86,209.49,7.23
192,Entry Long,Long,2024-01-07,2.8941,10,254.45,8.78,9464.82,1.32,488.41,16.86,209.49,7.23
191,Exit Long,Profit Target Reached,2024-01-03,2.6826,10,108.85,4.23,9210.36,0.57,142.53,5.54,39.67,1.54
191,Entry Long,Long,2024-01-02,2.5685,10,108.85,4.23,9210.36,0.57,142.53,5.54,39.67,1.54
190,Exit Long,Trailing Stop Hit,2023-12-26,2.4270,10,-153.40,-5.95,9101.52,-0.80,36.12,1.40,227.58,8.83
190,Entry Long,Long,2023-12-21,2.5754,10,-153.40,-5.95,9101.52,-0.80,36.12,1.40,227.58,8.83
189,Exit Long,Profit Target Reached,2023-10-31,3.6019,10,149.35,4.33,9254.92,0.78,175.55,5.09,136.55,3.96
189,Entry Long,Long,2023-10-29,3.4455,10,149.35,4.33,9254.92,0.78,175.55,5.09,136.55,3.96
188,Exit Long,Profit Target Reached,2023-10-05,3.1806,10,244.59,8.34,9105.57,1.30,265.27,9.04,119.43,4.07
188,Entry Long,Long,2023-10-01,2.9299,10,244.59,8.34,9105.57,1.30,265.27,9.04,119.43,4.07
187,Exit Long,Profit Target Reached,2023-09-28,2.9405,10,86.61,3.04,8860.98,0.46,124.45,4.37,7.45,0.26
187,Entry Long,Long,2023-09-26,2.8481,10,86.61,3.04,8860.98,0.46,124.45,4.37,7.45,0.26
186,Exit Long,Profit Target Reached,2023-09-19,2.8311,10,125.47,4.64,8774.36,0.67,163.30,6.04,108.30,4.01
186,Entry Long,Long,2023-09-14,2.7001,10,125.47,4.64,8774.36,0.67,163.30,6.04,108.30,4.01
185,Exit Long,Trailing Stop Hit,2023-09-04,2.6561,10,-150.36,-5.36,8648.90,-0.80,54.70,1.95,168.40,6.01
185,Entry Long,Long,2023-08-30,2.8010,10,-150.36,-5.36,8648.90,-0.80,54.70,1.95,168.40,6.01
184,Exit Long,Profit Target Reached,2023-08-09,2.9666,10,165.84,5.93,8799.25,0.89,213.71,7.64,32.39,1.16
184,Entry Long,Long,2023-08-08,2.7950,10,165.84,5.93,8799.25,0.89,213.71,7.64,32.39,1.16
183,Exit Long,Trailing Stop Hit,2023-07-27,2.5950,10,-109.19,-4.04,8633.41,-0.58,50.90,1.88,156.20,5.78
183,Entry Long,Long,2023-07-24,2.6989,10,-109.19,-4.04,8633.41,-0.58,50.90,1.88,156.20,5.78
182,Exit Long,Profit Target Reached,2023-07-20,2.7451,10,125.84,4.81,8742.61,0.68,166.89,6.38,38.91,1.49
182,Entry Long,Long,2023-07-18,2.6139,10,125.84,4.81,8742.61,0.68,166.89,6.38,38.91,1.49
181,Exit Long,Trailing Stop Hit,2023-07-13,2.5510,10,-115.71,-4.34,8616.77,-0.62,78.94,2.96,130.76,4.91
181,Entry Long,Long,2023-07-10,2.6615,10,-115.71,-4.34,8616.77,-0.62,78.94,2.96,130.76,4.91
180,Exit Long,Profit Target Reached,2023-06-14,2.3434,10,65.38,2.87,8732.48,0.35,107.93,4.74,7.27,0.32
180,Entry Long,Long,2023-06-12,2.2734,10,65.38,2.87,8732.48,0.35,107.93,4.74,7.27,0.32
179,Exit Long,Profit Target Reached,2023-05-15,2.3659,10,93.27,4.11,8667.10,0.50,107.83,4.75,25.87,1.14
179,Entry Long,Long,2023-05-14,2.2680,10,93.27,4.11,8667.10,0.50,107.83,4.75,25.87,1.14
178,Exit Long,Trailing Stop Hit,2023-05-02,2.2146,10,-181.41,-7.58,8573.83,-0.97,9.81,0.41,213.89,8.94
178,Entry Long,Long,2023-04-30,2.3914,10,-181.41,-7.58,8573.83,-0.97,9.81,0.41,213.89,8.94
177,Exit Long,Profit Target Reached,2023-04-25,2.3811,10,172.01,7.80,8755.24,0.93,251.20,11.38,32.30,1.46
177,Entry Long,Long,2023-04-23,2.2045,10,172.01,7.80,8755.24,0.93,251.20,11.38,32.30,1.46
176,Exit Long,Profit Target Reached,2023-04-17,2.2931,10,187.81,8.93,8583.22,1.02,204.50,9.72,2.10,0.10
176,Entry Long,Long,2023-04-16,2.1009,10,187.81,8.93,8583.22,1.02,204.50,9.72,2.10,0.10
175,Exit Long,Trailing Stop Hit,2023-04-09,2.0250,10,-116.66,-5.45,8395.42,-0.63,35.46,1.66,153.24,7.16
175,Entry Long,Long,2023-04-05,2.1375,10,-116.66,-5.45,8395.42,-0.63,35.46,1.66,153.24,7.16
174,Exit Long,Profit Target Reached,2023-03-05,3.0034,10,227.23,8.19,8512.08,1.24,247.93,8.94,114.77,4.14
174,Entry Long,Long,2023-02-28,2.7704,10,227.23,8.19,8512.08,1.24,247.93,8.94,114.77,4.14
173,Exit Long,Profit Target Reached,2023-02-14,2.5954,10,167.48,6.91,8284.85,0.92,189.58,7.82,14.42,0.59
173,Entry Long,Long,2023-02-13,2.4229,10,167.48,6.91,8284.85,0.92,189.58,7.82,14.42,0.59
172,Exit Long,Profit Target Reached,2022-12-15,6.8615,10,495.79,7.80,8117.37,2.81,671.25,10.56,6.95,0.11
172,Entry Long,Long,2022-12-14,6.3525,10,495.79,7.80,8117.37,2.81,671.25,10.56,6.95,0.11
171,Exit Long,Profit Target Reached,2022-11-21,6.6990,10,337.85,5.32,7621.58,1.95,476.05,7.49,214.55,3.38
171,Entry Long,Long,2022-11-20,6.3481,10,337.85,5.32,7621.58,1.95,476.05,7.49,214.55,3.38
170,Exit Long,Profit Target Reached,2022-10-31,6.2905,10,493.42,8.52,7283.73,2.94,601.31,10.38,5.79,0.10
170,Entry Long,Long,2022-10-30,5.7850,10,493.42,8.52,7283.73,2.94,601.31,10.38,5.79,0.10
169,Exit Long,Profit Target Reached,2022-10-13,6.6825,10,234.78,3.65,6790.31,1.42,328.97,5.11,110.43,1.71
169,Entry Long,Long,2022-10-12,6.4346,10,234.78,3.65,6790.31,1.42,328.97,5.11,110.43,1.71
168,Exit Long,Trailing Stop Hit,2022-09-22,7.1864,10,-609.17,-7.82,6555.52,-3.55,327.52,4.21,732.48,9.40
168,Entry Long,Long,2022-09-18,7.7806,10,-609.17,-7.82,6555.52,-3.55,327.52,4.21,732.48,9.40
167,Exit Long,Profit Target Reached,2022-08-16,9.3485,10,615.94,7.06,7164.69,3.72,679.89,7.79,325.51,3.73
167,Entry Long,Long,2022-08-11,8.7145,10,615.94,7.06,7164.69,3.72,679.89,7.79,325.51,3.73
166,Exit Long,Profit Target Reached,2022-07-13,6.5855,10,313.66,5.01,6548.75,1.93,526.54,8.40,69.76,1.11
166,Entry Long,Long,2022-07-12,6.2590,10,313.66,5.01,6548.75,1.93,526.54,8.40,69.76,1.11
165,Exit Long,Profit Target Reached,2022-06-09,9.0050,10,383.89,4.46,6235.10,2.42,408.90,4.75,601.10,6.98
165,Entry Long,Long,2022-06-08,8.6035,10,383.89,4.46,6235.10,2.42,408.90,4.75,601.10,6.98
164,Exit Long,Profit Target Reached,2022-05-23,8.7290,10,462.22,5.60,5851.21,3.00,557.15,6.75,429.05,5.20
164,Entry Long,Long,2022-05-18,8.2498,10,462.22,5.60,5851.21,3.00,557.15,6.75,429.05,5.20
163,Exit Long,Profit Target Reached,2022-05-03,7.8210,10,270.14,3.58,5388.99,1.79,618.26,8.20,10.04,0.13
163,Entry Long,Long,2022-05-02,7.5355,10,270.14,3.58,5388.99,1.79,618.26,8.20,10.04,0.13
162,Exit Long,Profit Target Reached,2022-03-22,5.1403,10,202.23,4.10,5118.84,1.36,262.77,5.33,190.03,3.85
162,Entry Long,Long,2022-03-17,4.9280,10,202.23,4.10,5118.84,1.36,262.77,5.33,190.03,3.85
161,Exit Long,Trailing Stop Hit,2022-03-08,4.5744,10,-377.12,-7.62,4916.61,-2.47,230.26,4.65,444.64,8.99
161,Entry Long,Long,2022-03-06,4.9420,10,-377.12,-7.62,4916.61,-2.47,230.26,4.65,444.64,8.99
160,Exit Long,Profit Target Reached,2022-03-02,4.7845,10,187.83,4.09,5293.73,1.24,312.21,6.80,4.59,0.10
160,Entry Long,Long,2022-03-01,4.5873,10,187.83,4.09,5293.73,1.24,312.21,6.80,4.59,0.10
159,Exit Long,Profit Target Reached,2022-02-21,4.7450,10,281.80,6.32,5105.90,1.90,395.55,8.87,4.45,0.10
159,Entry Long,Long,2022-02-20,4.4540,10,281.80,6.32,5105.90,1.90,395.55,8.87,4.45,0.10
158,Exit Long,Profit Target Reached,2022-02-02,5.4065,10,497.49,10.15,4824.10,3.47,662.00,13.50,287.60,5.87
158,Entry Long,Long,2022-01-31,4.8987,10,497.49,10.15,4824.10,3.47,662.00,13.50,287.60,5.87
157,Exit Long,Profit Target Reached,2022-01-12,4.7810,10,665.01,16.18,4326.60,4.87,760.89,18.51,108.91,2.65
157,Entry Long,Long,2022-01-10,4.1071,10,665.01,16.18,4326.60,4.87,760.89,18.51,108.91,2.65
156,Exit Long,Profit Target Reached,2021-12-27,4.0480,10,318.23,8.54,3661.59,2.38,353.38,9.48,3.72,0.10
156,Entry Long,Long,2021-12-26,3.7220,10,318.23,8.54,3661.59,2.38,353.38,9.48,3.72,0.10
155,Exit Long,Profit Target Reached,2021-12-22,3.9643,10,180.36,4.77,3343.36,1.37,254.72,6.74,166.98,4.42
155,Entry Long,Long,2021-12-16,3.7762,10,180.36,4.77,3343.36,1.37,254.72,6.74,166.98,4.42
154,Exit Long,Profit Target Reached,2021-11-28,5.4923,10,477.30,9.53,3163.00,3.76,501.40,10.01,134.50,2.68
154,Entry Long,Long,2021-11-23,5.0045,10,477.30,9.53,3163.00,3.76,501.40,10.01,134.50,2.68
153,Exit Long,Trailing Stop Hit,2021-11-22,4.7840,10,-286.85,-5.66,2685.70,-2.21,0,0.00,423.66,8.36
153,Entry Long,Long,2021-11-21,5.0610,10,-286.85,-5.66,2685.70,-2.21,0,0.00,423.66,8.36
152,Exit Long,Profit Target Reached,2021-11-11,5.1193,10,196.97,4.01,2972.54,1.54,252.29,5.13,32.51,0.66
152,Entry Long,Long,2021-11-10,4.9123,10,196.97,4.01,2972.54,1.54,252.29,5.13,32.51,0.66
151,Exit Long,Trailing Stop Hit,2021-10-28,5.7250,10,-430.37,-7.00,2775.58,-3.26,48.86,0.79,443.14,7.21
151,Entry Long,Long,2021-10-27,6.1435,10,-430.37,-7.00,2775.58,-3.26,48.86,0.79,443.14,7.21
150,Exit Long,Trailing Stop Hit,2021-10-17,5.4083,10,-177.68,-3.18,3205.94,-1.33,371.42,6.66,418.37,7.50
150,Entry Long,Long,2021-10-10,5.5750,10,-177.68,-3.18,3205.94,-1.33,371.42,6.66,418.37,7.50
149,Exit Long,Trailing Stop Hit,2021-09-29,5.4500,10,-395.28,-6.77,3383.63,-2.87,107.97,1.85,422.93,7.24
149,Entry Long,Long,2021-09-28,5.8340,10,-395.28,-6.77,3383.63,-2.87,107.97,1.85,422.93,7.24
148,Exit Long,Profit Target Reached,2021-08-29,4.4016,10,153.16,3.61,3778.91,1.12,162.06,3.82,27.84,0.66
148,Entry Long,Long,2021-08-26,4.2398,10,153.16,3.61,3778.91,1.12,162.06,3.82,27.84,0.66
147,Exit Long,Trailing Stop Hit,2021-08-12,3.9068,10,-252.96,-6.09,3625.75,-1.82,28.45,0.68,260.85,6.28
147,Entry Long,Long,2021-08-05,4.1517,10,-252.96,-6.09,3625.75,-1.82,28.45,0.68,260.85,6.28
146,Exit Long,Profit Target Reached,2021-07-20,3.9238,10,230.49,6.25,3878.71,1.69,237.71,6.44,111.29,3.02
146,Entry Long,Long,2021-07-13,3.6857,10,230.49,6.25,3878.71,1.69,237.71,6.44,111.29,3.02
145,Exit Long,Profit Target Reached,2021-06-29,3.6545,10,126.02,3.58,3648.22,0.93,280.18,7.95,24.62,0.70
145,Entry Long,Long,2021-06-27,3.5213,10,126.02,3.58,3648.22,0.93,280.18,7.95,24.62,0.70
144,Exit Long,Profit Target Reached,2021-06-01,3.0891,10,97.23,3.25,3522.20,0.72,154.21,5.16,80.19,2.68
144,Entry Long,Long,2021-05-25,2.9858,10,97.23,3.25,3522.20,0.72,154.21,5.16,80.19,2.68
143,Exit Long,Trailing Stop Hit,2021-05-19,2.9574,10,-164.67,-5.28,3424.97,-1.21,8.68,0.28,184.62,5.92
143,Entry Long,Long,2021-05-17,3.1160,10,-164.67,-5.28,3424.97,-1.21,8.68,0.28,184.62,5.92
142,Exit Long,Profit Target Reached,2021-04-19,2.7337,10,70.11,2.63,3589.64,0.52,85.24,3.20,7.36,0.28
142,Entry Long,Long,2021-04-15,2.6582,10,70.11,2.63,3589.64,0.52,85.24,3.20,7.36,0.28
141,Exit Long,Profit Target Reached,2021-03-29,2.6363,10,64.40,2.51,3519.54,0.48,81.33,3.17,2.57,0.10
141,Entry Long,Long,2021-03-25,2.5667,10,64.40,2.51,3519.54,0.48,81.33,3.17,2.57,0.10
140,Exit Long,Profit Target Reached,2021-02-01,2.8230,10,257.02,10.03,3455.14,1.95,299.14,11.67,2.56,0.10
140,Entry Long,Long,2021-01-31,2.5606,10,257.02,10.03,3455.14,1.95,299.14,11.67,2.56,0.10
139,Exit Long,Profit Target Reached,2021-01-11,2.7835,10,108.25,4.05,3198.12,0.83,132.53,4.96,87.67,3.28
139,Entry Long,Long,2021-01-07,2.6698,10,108.25,4.05,3198.12,0.83,132.53,4.96,87.67,3.28
138,Exit Long,Profit Target Reached,2020-12-22,2.7647,10,96.27,3.61,3089.88,0.74,134.34,5.04,64.16,2.41
138,Entry Long,Long,2020-12-15,2.6630,10,96.27,3.61,3089.88,0.74,134.34,5.04,64.16,2.41
137,Exit Long,Trailing Stop Hit,2020-12-02,2.7515,10,-177.68,-6.07,2993.60,-1.35,64.08,2.19,191.92,6.56
137,Entry Long,Long,2020-11-26,2.9235,10,-177.68,-6.07,2993.60,-1.35,64.08,2.19,191.92,6.56
136,Exit Long,Profit Target Reached,2020-10-12,2.8310,10,66.81,2.42,3171.28,0.51,177.14,6.42,2.76,0.10
136,Entry Long,Long,2020-10-11,2.7586,10,66.81,2.42,3171.28,0.51,177.14,6.42,2.76,0.10
135,Exit Long,Trailing Stop Hit,2020-09-29,2.4936,10,-274.96,-9.94,3104.47,-2.06,17.24,0.62,279.36,10.10
135,Entry Long,Long,2020-09-28,2.7633,10,-274.96,-9.94,3104.47,-2.06,17.24,0.62,279.36,10.10
134,Exit Long,Profit Target Reached,2020-07-29,1.9105,10,49.73,2.68,3379.43,0.37,74.64,4.02,37.36,2.01
134,Entry Long,Long,2020-07-28,1.8570,10,49.73,2.68,3379.43,0.37,74.64,4.02,37.36,2.01
133,Exit Long,Profit Target Reached,2020-07-06,1.8255,10,100.45,5.83,3329.69,0.76,137.28,7.97,13.72,0.80
133,Entry Long,Long,2020-07-02,1.7215,10,100.45,5.83,3329.69,0.76,137.28,7.97,13.72,0.80
132,Exit Long,Trailing Stop Hit,2020-06-14,1.7380,10,-77.55,-4.28,3229.24,-0.58,2.69,0.15,91.31,5.03
132,Entry Long,Long,2020-06-11,1.8120,10,-77.55,-4.28,3229.24,-0.58,2.69,0.15,91.31,5.03
131,Exit Long,Profit Target Reached,2020-05-26,1.9275,10,189.84,10.94,3306.79,1.45,208.77,12.03,48.73,2.81
131,Entry Long,Long,2020-05-24,1.7340,10,189.84,10.94,3306.79,1.45,208.77,12.03,48.73,2.81
130,Exit Long,Profit Target Reached,2020-05-04,1.9835,10,105.64,5.63,3116.95,0.81,124.63,6.64,1.87,0.10
130,Entry Long,Long,2020-05-03,1.8740,10,105.64,5.63,3116.95,0.81,124.63,6.64,1.87,0.10
129,Exit Long,Trailing Stop Hit,2020-04-23,1.8085,10,-98.21,-5.16,3011.31,-0.75,42.60,2.24,106.90,5.61
129,Entry Long,Long,2020-04-22,1.9030,10,-98.21,-5.16,3011.31,-0.75,42.60,2.24,106.90,5.61
128,Exit Long,Trailing Stop Hit,2020-04-08,1.7975,10,-121.71,-6.35,3109.52,-0.92,5.58,0.29,143.42,7.48
128,Entry Long,Long,2020-04-07,1.9155,10,-121.71,-6.35,3109.52,-0.92,5.58,0.29,143.42,7.48
127,Exit Long,Trailing Stop Hit,2020-04-01,1.5935,10,-110.79,-6.51,3231.23,-0.83,29.80,1.75,120.70,7.09
127,Entry Long,Long,2020-03-30,1.7010,10,-110.79,-6.51,3231.23,-0.83,29.80,1.75,120.70,7.09
126,Exit Long,Trailing Stop Hit,2020-03-12,1.8230,10,-108.75,-5.63,3342.03,-0.81,70.07,3.63,176.93,9.17
126,Entry Long,Long,2020-03-10,1.9280,10,-108.75,-5.63,3342.03,-0.81,70.07,3.63,176.93,9.17
125,Exit Long,Trailing Stop Hit,2020-02-24,1.8345,10,-138.80,-7.04,3450.78,-1.02,55.53,2.82,151.47,7.68
125,Entry Long,Long,2020-02-19,1.9695,10,-138.80,-7.04,3450.78,-1.02,55.53,2.82,151.47,7.68
124,Exit Long,Profit Target Reached,2020-02-17,1.9445,10,85.70,4.62,3589.58,0.63,94.15,5.07,56.85,3.06
124,Entry Long,Long,2020-02-12,1.8550,10,85.70,4.62,3589.58,0.63,94.15,5.07,56.85,3.06
123,Exit Long,Trailing Stop Hit,2020-01-16,2.0845,10,-117.28,-5.33,3503.88,-0.86,61.80,2.81,122.70,5.58
123,Entry Long,Long,2020-01-13,2.1975,10,-117.28,-5.33,3503.88,-0.86,61.80,2.81,122.70,5.58
122,Exit Long,Trailing Stop Hit,2019-12-23,2.2055,10,-90.00,-3.92,3621.16,-0.66,56.21,2.45,96.29,4.20
122,Entry Long,Long,2019-12-18,2.2910,10,-90.00,-3.92,3621.16,-0.66,56.21,2.45,96.29,4.20
121,Exit Long,Profit Target Reached,2019-12-12,2.3425,10,88.41,3.93,3711.16,0.65,99.25,4.41,2.75,0.12
121,Entry Long,Long,2019-12-11,2.2495,10,88.41,3.93,3711.16,0.65,99.25,4.41,2.75,0.12
120,Exit Long,Trailing Stop Hit,2019-12-01,2.2940,10,-196.28,-7.89,3622.75,-1.42,1.01,0.04,214.99,8.64
120,Entry Long,Long,2019-11-28,2.4855,10,-196.28,-7.89,3622.75,-1.42,1.01,0.04,214.99,8.64
119,Exit Long,Profit Target Reached,2019-10-30,2.6845,10,121.26,4.74,3819.03,0.89,158.94,6.21,8.56,0.33
119,Entry Long,Long,2019-10-28,2.5580,10,121.26,4.74,3819.03,0.89,158.94,6.21,8.56,0.33
118,Exit Long,Trailing Stop Hit,2019-10-21,2.2450,10,-117.10,-4.96,3697.78,-0.85,0,0.00,143.86,6.10
118,Entry Long,Long,2019-10-20,2.3575,10,-117.10,-4.96,3697.78,-0.85,0,0.00,143.86,6.10
117,Exit Long,Profit Target Reached,2019-10-15,2.3430,10,103.42,4.62,3814.88,0.75,112.76,5.04,4.24,0.19
117,Entry Long,Long,2019-10-13,2.2350,10,103.42,4.62,3814.88,0.75,112.76,5.04,4.24,0.19
116,Exit Long,Profit Target Reached,2019-09-03,2.3490,10,65.37,2.87,3711.46,0.48,84.22,3.69,13.28,0.58
116,Entry Long,Long,2019-09-01,2.2790,10,65.37,2.87,3711.46,0.48,84.22,3.69,13.28,0.58
115,Exit Long,Profit Target Reached,2019-08-15,2.2180,10,55.62,2.57,3646.08,0.41,104.84,4.85,23.16,1.07
115,Entry Long,Long,2019-08-14,2.1580,10,55.62,2.57,3646.08,0.41,104.84,4.85,23.16,1.07
114,Exit Long,Profit Target Reached,2019-08-13,2.1650,10,70.24,3.36,3590.46,0.52,85.41,4.08,24.59,1.18
114,Entry Long,Long,2019-08-07,2.0905,10,70.24,3.36,3590.46,0.52,85.41,4.08,24.59,1.18
113,Exit Long,Profit Target Reached,2019-07-07,2.3955,10,130.34,5.76,3520.22,0.97,177.74,7.85,35.76,1.58
113,Entry Long,Long,2019-07-01,2.2605,10,130.34,5.76,3520.22,0.97,177.74,7.85,35.76,1.58
112,Exit Long,Trailing Stop Hit,2019-06-19,2.2745,10,-102.15,-4.30,3389.87,-0.76,25.13,1.06,110.37,4.65
112,Entry Long,Long,2019-06-17,2.3720,10,-102.15,-4.30,3389.87,-0.76,25.13,1.06,110.37,4.65
111,Exit Long,Profit Target Reached,2019-05-14,2.6475,10,75.79,2.95,3492.02,0.56,95.43,3.71,58.07,2.26
111,Entry Long,Long,2019-04-30,2.5665,10,75.79,2.95,3492.02,0.56,95.43,3.71,58.07,2.26
110,Exit Long,Trailing Stop Hit,2019-04-23,2.4490,10,-139.53,-5.40,3416.23,-1.03,3.42,0.13,143.08,5.53
110,Entry Long,Long,2019-04-15,2.5835,10,-139.53,-5.40,3416.23,-1.03,3.42,0.13,143.08,5.53
109,Exit Long,Trailing Stop Hit,2019-03-28,2.7105,10,-121.04,-4.28,3555.76,-0.88,4.67,0.17,143.33,5.07
109,Entry Long,Long,2019-03-20,2.8260,10,-121.04,-4.28,3555.76,-0.88,4.67,0.17,143.33,5.07
108,Exit Long,Profit Target Reached,2019-02-25,2.8405,10,180.50,6.79,3676.80,1.34,188.35,7.09,30.15,1.13
108,Entry Long,Long,2019-02-19,2.6545,10,180.50,6.79,3676.80,1.34,188.35,7.09,30.15,1.13
107,Exit Long,Profit Target Reached,2019-01-14,3.5740,10,412.27,13.05,3496.30,3.15,453.84,14.37,3.16,0.10
107,Entry Long,Long,2019-01-13,3.1550,10,412.27,13.05,3496.30,3.15,453.84,14.37,3.16,0.10
106,Exit Long,Profit Target Reached,2018-12-04,4.5060,10,124.12,2.84,3084.02,0.96,191.13,4.37,22.87,0.52
106,Entry Long,Long,2018-12-03,4.3730,10,124.12,2.84,3084.02,0.96,191.13,4.37,22.87,0.52
105,Exit Long,Profit Target Reached,2018-11-28,4.6690,10,435.11,10.29,2959.90,3.47,490.27,11.59,130.23,3.08
105,Entry Long,Long,2018-11-26,4.2250,10,435.11,10.29,2959.90,3.47,490.27,11.59,130.23,3.08
104,Exit Long,Profit Target Reached,2018-11-05,3.5510,10,327.23,10.16,2524.80,2.68,351.28,10.91,123.22,3.83
104,Entry Long,Long,2018-10-23,3.2170,10,327.23,10.16,2524.80,2.68,351.28,10.91,123.22,3.83
103,Exit Long,Profit Target Reached,2018-09-18,2.9215,10,104.27,3.70,2197.57,0.86,117.19,4.16,8.81,0.31
103,Entry Long,Long,2018-09-17,2.8115,10,104.27,3.70,2197.57,0.86,117.19,4.16,8.81,0.31
102,Exit Long,Trailing Stop Hit,2018-08-28,2.8545,10,-132.34,-4.43,2093.30,-1.08,3.02,0.10,143.98,4.83
102,Entry Long,Long,2018-08-21,2.9810,10,-132.34,-4.43,2093.30,-1.08,3.02,0.10,143.98,4.83
101,Exit Long,Profit Target Reached,2018-08-06,2.8565,10,71.36,2.56,2225.63,0.59,75.72,2.72,47.78,1.72
101,Entry Long,Long,2018-07-29,2.7795,10,71.36,2.56,2225.63,0.59,75.72,2.72,47.78,1.72
100,Exit Long,Trailing Stop Hit,2018-07-05,2.8245,10,-126.77,-4.30,2154.27,-1.03,0.05,0.00,131.45,4.46
100,Entry Long,Long,2018-06-28,2.9455,10,-126.77,-4.30,2154.27,-1.03,0.05,0.00,131.45,4.46
99,Exit Long,Profit Target Reached,2018-06-17,3.0245,10,118.08,4.07,2281.04,0.97,124.10,4.27,2.90,0.10
99,Entry Long,Long,2018-06-10,2.9005,10,118.08,4.07,2281.04,0.97,124.10,4.27,2.90,0.10
98,Exit Long,Profit Target Reached,2018-05-23,2.9200,10,85.75,3.03,2162.97,0.71,103.17,3.64,55.83,1.97
98,Entry Long,Long,2018-05-14,2.8285,10,85.75,3.03,2162.97,0.71,103.17,3.64,55.83,1.97
97,Exit Long,Profit Target Reached,2018-04-16,2.7420,10,64.09,2.40,2077.21,0.53,98.33,3.68,58.67,2.19
97,Entry Long,Long,2018-04-02,2.6725,10,64.09,2.40,2077.21,0.53,98.33,3.68,58.67,2.19
96,Exit Long,Profit Target Reached,2018-03-06,2.7475,10,96.11,3.63,2013.13,0.81,102.85,3.88,98.05,3.70
96,Entry Long,Long,2018-02-21,2.6460,10,96.11,3.63,2013.13,0.81,102.85,3.88,98.05,3.70
95,Exit Long,Profit Target Reached,2018-01-17,3.2421,10,108.63,3.47,1917.02,0.92,152.37,4.87,95.63,3.05
95,Entry Long,Long,2018-01-15,3.1271,10,108.63,3.47,1917.02,0.92,152.37,4.87,95.63,3.05
94,Exit Long,Profit Target Reached,2017-12-28,2.9226,10,180.34,6.58,1808.39,1.55,201.16,7.34,10.84,0.40
94,Entry Long,Long,2017-12-27,2.7366,10,180.34,6.58,1808.39,1.55,201.16,7.34,10.84,0.40
93,Exit Long,Trailing Stop Hit,2017-12-05,2.9045,10,-153.96,-5.04,1628.05,-1.31,65.95,2.16,185.05,6.06
93,Entry Long,Long,2017-12-03,3.0525,10,-153.96,-5.04,1628.05,-1.31,65.95,2.16,185.05,6.06
92,Exit Long,Profit Target Reached,2017-11-06,3.1121,10,156.44,5.30,1782.01,1.35,185.05,6.27,184.05,6.23
92,Entry Long,Long,2017-10-16,2.9496,10,156.44,5.30,1782.01,1.35,185.05,6.27,184.05,6.23
91,Exit Long,Profit Target Reached,2017-10-12,2.9831,10,80.72,2.78,1625.57,0.70,104.20,3.59,77.90,2.69
91,Entry Long,Long,2017-10-03,2.8965,10,80.72,2.78,1625.57,0.70,104.20,3.59,77.90,2.69
90,Exit Long,Profit Target Reached,2017-09-18,3.1476,10,117.43,3.88,1544.85,1.03,125.08,4.13,3.02,0.10
90,Entry Long,Long,2017-09-17,3.0240,10,117.43,3.88,1544.85,1.03,125.08,4.13,3.02,0.10
89,Exit Long,Profit Target Reached,2017-09-03,3.0586,10,79.97,2.69,1427.42,0.70,106.93,3.59,131.07,4.40
89,Entry Long,Long,2017-08-10,2.9726,10,79.97,2.69,1427.42,0.70,106.93,3.59,131.07,4.40
88,Exit Long,Trailing Stop Hit,2017-07-31,2.8060,10,-97.70,-3.37,1347.45,-0.85,83.60,2.88,124.40,4.29
88,Entry Long,Long,2017-07-24,2.8980,10,-97.70,-3.37,1347.45,-0.85,83.60,2.88,124.40,4.29
87,Exit Long,Profit Target Reached,2017-07-18,3.0806,10,101.05,3.39,1445.16,0.89,112.63,3.78,2.97,0.10
87,Entry Long,Long,2017-07-16,2.9735,10,101.05,3.39,1445.16,0.89,112.63,3.78,2.97,0.10
86,Exit Long,Trailing Stop Hit,2017-07-03,2.9460,10,-134.02,-4.36,1344.11,-1.17,39.43,1.28,146.57,4.76
86,Entry Long,Long,2017-06-28,3.0740,10,-134.02,-4.36,1344.11,-1.17,39.43,1.28,146.57,4.76
85,Exit Long,Profit Target Reached,2017-06-15,3.0456,10,97.61,3.31,1478.13,0.86,116.16,3.94,20.34,0.69
85,Entry Long,Long,2017-06-14,2.9420,10,97.61,3.31,1478.13,0.86,116.16,3.94,20.34,0.69
84,Exit Long,Trailing Stop Hit,2017-05-30,3.1381,10,-158.33,-4.81,1380.52,-1.37,0,0.00,157.19,4.77
84,Entry Long,Long,2017-05-28,3.2900,10,-158.33,-4.81,1380.52,-1.37,0,0.00,157.19,4.77
83,Exit Long,Trailing Stop Hit,2017-05-16,3.2261,10,-140.09,-4.17,1538.85,-1.20,62.64,1.86,151.36,4.50
83,Entry Long,Long,2017-05-11,3.3596,10,-140.09,-4.17,1538.85,-1.20,62.64,1.86,151.36,4.50
82,Exit Long,Profit Target Reached,2017-05-07,3.2660,10,80.55,2.53,1678.93,0.69,89.82,2.82,22.68,0.71
82,Entry Long,Long,2017-05-02,3.1790,10,80.55,2.53,1678.93,0.69,89.82,2.82,22.68,0.71
81,Exit Long,Profit Target Reached,2017-03-29,3.2080,10,155.75,5.11,1598.38,1.36,198.95,6.53,42.55,1.40
81,Entry Long,Long,2017-03-23,3.0460,10,155.75,5.11,1598.38,1.36,198.95,6.53,42.55,1.40
80,Exit Long,Profit Target Reached,2017-03-08,2.9120,10,98.28,3.50,1442.63,0.87,136.69,4.86,36.31,1.29
80,Entry Long,Long,2017-03-02,2.8080,10,98.28,3.50,1442.63,0.87,136.69,4.86,36.31,1.29
79,Exit Long,Trailing Stop Hit,2017-02-05,3.0480,10,-87.18,-2.78,1344.35,-0.76,90.37,2.89,94.63,3.02
79,Entry Long,Long,2017-01-31,3.1290,10,-87.18,-2.78,1344.35,-0.76,90.37,2.89,94.63,3.02
78,Exit Long,Trailing Stop Hit,2017-01-18,3.3115,10,-106.72,-3.13,1431.53,-0.92,93.19,2.73,137.41,4.02
78,Entry Long,Long,2017-01-15,3.4115,10,-106.72,-3.13,1431.53,-0.92,93.19,2.73,137.41,4.02
77,Exit Long,Profit Target Reached,2016-12-28,3.8716,10,144.41,3.88,1538.25,1.27,173.28,4.65,55.82,1.50
77,Entry Long,Long,2016-12-27,3.7196,10,144.41,3.88,1538.25,1.27,173.28,4.65,55.82,1.50
76,Exit Long,Profit Target Reached,2016-11-21,2.9645,10,121.20,4.27,1393.84,1.08,128.16,4.51,2.84,0.10
76,Entry Long,Long,2016-11-20,2.8375,10,121.20,4.27,1393.84,1.08,128.16,4.51,2.84,0.10
75,Exit Long,Trailing Stop Hit,2016-11-08,2.6105,10,-203.52,-7.24,1272.64,-1.77,58.09,2.07,209.91,7.47
75,Entry Long,Long,2016-11-03,2.8086,10,-203.52,-7.24,1272.64,-1.77,58.09,2.07,209.91,7.47
74,Exit Long,Profit Target Reached,2016-10-10,3.2695,10,99.57,3.14,1476.16,0.88,115.84,3.66,17.16,0.54
74,Entry Long,Long,2016-10-09,3.1635,10,99.57,3.14,1476.16,0.88,115.84,3.66,17.16,0.54
73,Exit Long,Profit Target Reached,2016-09-20,3.0615,10,163.05,5.63,1376.60,1.45,171.11,5.91,66.89,2.31
73,Entry Long,Long,2016-09-14,2.8925,10,163.05,5.63,1376.60,1.45,171.11,5.91,66.89,2.31
72,Exit Long,Profit Target Reached,2016-08-22,2.6665,10,92.76,3.61,1213.55,0.83,119.43,4.65,2.57,0.10
72,Entry Long,Long,2016-08-21,2.5685,10,92.76,3.61,1213.55,0.83,119.43,4.65,2.57,0.10
71,Exit Long,Trailing Stop Hit,2016-08-02,2.7310,10,-131.09,-4.58,1120.78,-1.17,11.64,0.41,135.86,4.75
71,Entry Long,Long,2016-07-31,2.8565,10,-131.09,-4.58,1120.78,-1.17,11.64,0.41,135.86,4.75
70,Exit Long,Profit Target Reached,2016-05-31,2.2845,10,119.55,5.53,1251.87,1.07,135.84,6.28,18.16,0.84
70,Entry Long,Long,2016-05-29,2.1605,10,119.55,5.53,1251.87,1.07,135.84,6.28,18.16,0.84
69,Exit Long,Trailing Stop Hit,2016-05-24,1.9725,10,-80.52,-3.93,1132.32,-0.72,76.45,3.73,102.05,4.98
69,Entry Long,Long,2016-05-17,2.0490,10,-80.52,-3.93,1132.32,-0.72,76.45,3.73,102.05,4.98
68,Exit Long,Trailing Stop Hit,2016-05-16,2.0280,10,-137.19,-6.34,1212.84,-1.21,15.34,0.71,145.66,6.73
68,Entry Long,Long,2016-05-11,2.1610,10,-137.19,-6.34,1212.84,-1.21,15.34,0.71,145.66,6.73
67,Exit Long,Profit Target Reached,2016-05-10,2.1565,10,75.77,3.65,1350.03,0.67,87.92,4.23,39.08,1.88
67,Entry Long,Long,2016-05-05,2.0765,10,75.77,3.65,1350.03,0.67,87.92,4.23,39.08,1.88
66,Exit Long,Profit Target Reached,2016-04-27,2.1435,10,73.29,3.54,1274.26,0.65,126.43,6.11,77.07,3.73
66,Entry Long,Long,2016-04-25,2.0660,10,73.29,3.54,1274.26,0.65,126.43,6.11,77.07,3.73
65,Exit Long,Profit Target Reached,2016-04-24,2.1300,10,59.30,2.87,1200.97,0.53,72.93,3.53,40.07,1.94
65,Entry Long,Long,2016-04-20,2.0665,10,59.30,2.87,1200.97,0.53,72.93,3.53,40.07,1.94
64,Exit Long,Trailing Stop Hit,2016-04-17,1.9015,10,-113.91,-5.66,1141.67,-1.01,30.99,1.54,134.01,6.66
64,Entry Long,Long,2016-04-12,2.0115,10,-113.91,-5.66,1141.67,-1.01,30.99,1.54,134.01,6.66
63,Exit Long,Trailing Stop Hit,2016-04-06,1.8985,10,-90.88,-4.57,1255.58,-0.80,81.01,4.08,94.99,4.78
63,Entry Long,Long,2016-03-30,1.9855,10,-90.88,-4.57,1255.58,-0.80,81.01,4.08,94.99,4.78
62,Exit Long,Profit Target Reached,2016-03-16,1.8655,10,61.33,3.40,1346.46,0.54,90.20,5.00,36.80,2.04
62,Entry Long,Long,2016-03-13,1.8005,10,61.33,3.40,1346.46,0.54,90.20,5.00,36.80,2.04
61,Exit Long,Trailing Stop Hit,2016-02-18,1.8470,10,-68.76,-3.59,1285.13,-0.61,40.09,2.09,68.91,3.60
61,Entry Long,Long,2016-02-15,1.9120,10,-68.76,-3.59,1285.13,-0.61,40.09,2.09,68.91,3.60
60,Exit Long,Profit Target Reached,2016-01-31,2.3050,10,126.52,5.81,1353.89,1.13,133.83,6.15,92.17,4.24
60,Entry Long,Long,2016-01-26,2.1740,10,126.52,5.81,1353.89,1.13,133.83,6.15,92.17,4.24
59,Exit Long,Trailing Stop Hit,2016-01-14,2.1320,10,-145.40,-6.39,1227.37,-1.28,13.73,0.60,154.27,6.78
59,Entry Long,Long,2016-01-13,2.2730,10,-145.40,-6.39,1227.37,-1.28,13.73,0.60,154.27,6.78
58,Exit Long,Profit Target Reached,2015-12-28,2.2580,10,190.68,9.23,1372.77,1.71,201.94,9.78,2.06,0.10
58,Entry Long,Long,2015-12-24,2.0630,10,190.68,9.23,1372.77,1.71,201.94,9.78,2.06,0.10
57,Exit Long,Trailing Stop Hit,2015-12-07,2.0660,10,-156.28,-7.04,1182.09,-1.38,0,0.00,165.22,7.44
57,Entry Long,Long,2015-12-01,2.2180,10,-156.28,-7.04,1182.09,-1.38,0,0.00,165.22,7.44
56,Exit Long,Profit Target Reached,2015-11-25,2.2880,10,84.51,3.84,1338.38,0.75,141.80,6.44,75.20,3.42
56,Entry Long,Long,2015-11-23,2.1990,10,84.51,3.84,1338.38,0.75,141.80,6.44,75.20,3.42
55,Exit Long,Trailing Stop Hit,2015-11-22,2.1290,10,-133.39,-5.90,1253.86,-1.17,8.74,0.39,141.26,6.25
55,Entry Long,Long,2015-11-19,2.2580,10,-133.39,-5.90,1253.86,-1.17,8.74,0.39,141.26,6.25
54,Exit Long,Profit Target Reached,2015-11-05,2.3700,10,99.36,4.38,1387.25,0.88,110.73,4.88,24.27,1.07
54,Entry Long,Long,2015-11-04,2.2660,10,99.36,4.38,1387.25,0.88,110.73,4.88,24.27,1.07
53,Exit Long,Trailing Stop Hit,2015-10-18,2.4200,10,-122.96,-4.84,1287.89,-1.08,32.46,1.28,135.54,5.34
53,Entry Long,Long,2015-10-12,2.5380,10,-122.96,-4.84,1287.89,-1.08,32.46,1.28,135.54,5.34
52,Exit Long,Profit Target Reached,2015-09-14,2.7600,10,67.55,2.51,1410.85,0.60,80.31,2.99,2.69,0.10
52,Entry Long,Long,2015-09-13,2.6870,10,67.55,2.51,1410.85,0.60,80.31,2.99,2.69,0.10
51,Exit Long,Profit Target Reached,2015-09-03,2.7060,10,68.66,2.61,1343.29,0.61,96.37,3.66,6.63,0.25
51,Entry Long,Long,2015-09-02,2.6320,10,68.66,2.61,1343.29,0.61,96.37,3.66,6.63,0.25
50,Exit Long,Profit Target Reached,2015-08-11,2.8510,10,67.37,2.42,1274.63,0.60,73.22,2.63,57.78,2.08
50,Entry Long,Long,2015-08-05,2.7780,10,67.37,2.42,1274.63,0.60,73.22,2.63,57.78,2.08
49,Exit Long,Trailing Stop Hit,2015-07-26,2.7770,10,-146.69,-5.02,1207.26,-1.29,23.08,0.79,151.92,5.20
49,Entry Long,Long,2015-07-15,2.9180,10,-146.69,-5.02,1207.26,-1.29,23.08,0.79,151.92,5.20
48,Exit Long,Trailing Stop Hit,2015-07-08,2.6810,10,-116.47,-4.17,1353.95,-1.02,85.21,3.05,122.79,4.39
48,Entry Long,Long,2015-07-01,2.7920,10,-116.47,-4.17,1353.95,-1.02,85.21,3.05,122.79,4.39
47,Exit Long,Profit Target Reached,2015-06-25,2.8400,10,111.44,4.09,1470.43,0.98,123.28,4.52,18.72,0.69
47,Entry Long,Long,2015-06-23,2.7230,10,111.44,4.09,1470.43,0.98,123.28,4.52,18.72,0.69
46,Exit Long,Profit Target Reached,2015-06-10,2.9090,10,82.27,2.91,1358.99,0.73,93.18,3.30,2.82,0.10
46,Entry Long,Long,2015-06-09,2.8210,10,82.27,2.91,1358.99,0.73,93.18,3.30,2.82,0.10
45,Exit Long,Profit Target Reached,2015-05-04,2.8030,10,73.47,2.69,1276.72,0.66,93.28,3.42,17.72,0.65
45,Entry Long,Long,2015-04-30,2.7240,10,73.47,2.69,1276.72,0.66,93.28,3.42,17.72,0.65
44,Exit Long,Trailing Stop Hit,2015-04-27,2.4790,10,-95.05,-3.70,1203.25,-0.84,45.43,1.77,132.57,5.16
44,Entry Long,Long,2015-04-21,2.5690,10,-95.05,-3.70,1203.25,-0.84,45.43,1.77,132.57,5.16
43,Exit Long,Trailing Stop Hit,2015-04-12,2.5060,10,-119.13,-4.54,1298.30,-1.04,18.38,0.70,123.62,4.71
43,Entry Long,Long,2015-04-08,2.6200,10,-119.13,-4.54,1298.30,-1.04,18.38,0.70,123.62,4.71
42,Exit Long,Trailing Stop Hit,2015-03-23,2.7460,10,-157.64,-5.43,1417.42,-1.36,22.10,0.76,213.90,7.37
42,Entry Long,Long,2015-03-18,2.8980,10,-157.64,-5.43,1417.42,-1.36,22.10,0.76,213.90,7.37
41,Exit Long,Profit Target Reached,2015-03-11,2.8200,10,87.45,3.20,1575.07,0.76,111.27,4.08,71.73,2.63
41,Entry Long,Long,2015-03-10,2.7270,10,87.45,3.20,1575.07,0.76,111.27,4.08,71.73,2.63
40,Exit Long,Trailing Stop Hit,2015-02-17,2.7720,10,-54.59,-1.93,1487.61,-0.47,67.18,2.38,171.82,6.08
40,Entry Long,Long,2015-02-11,2.8210,10,-54.59,-1.93,1487.61,-0.47,67.18,2.38,171.82,6.08
39,Exit Long,Trailing Stop Hit,2015-01-18,3.0860,10,-228.39,-6.90,1542.21,-1.94,35.69,1.08,292.31,8.83
39,Entry Long,Long,2015-01-14,3.3080,10,-228.39,-6.90,1542.21,-1.94,35.69,1.08,292.31,8.83
38,Exit Long,Trailing Stop Hit,2014-12-21,3.4460,10,-222.11,-6.06,1770.60,-1.85,6.34,0.17,224.66,6.13
38,Entry Long,Long,2014-12-18,3.6610,10,-222.11,-6.06,1770.60,-1.85,6.34,0.17,224.66,6.13
37,Exit Long,Profit Target Reached,2014-11-25,4.4330,10,185.33,4.37,1992.71,1.57,195.76,4.61,232.24,5.47
37,Entry Long,Long,2014-11-23,4.2390,10,185.33,4.37,1992.71,1.57,195.76,4.61,232.24,5.47
36,Exit Long,Profit Target Reached,2014-11-03,4.0370,10,172.11,4.46,1807.38,1.48,199.14,5.16,29.86,0.77
36,Entry Long,Long,2014-10-30,3.8570,10,172.11,4.46,1807.38,1.48,199.14,5.16,29.86,0.77
35,Exit Long,Trailing Stop Hit,2014-10-06,3.9050,10,-223.02,-5.41,1635.27,-1.88,54.88,1.33,240.12,5.82
35,Entry Long,Long,2014-09-30,4.1200,10,-223.02,-5.41,1635.27,-1.88,54.88,1.33,240.12,5.82
34,Exit Long,Profit Target Reached,2014-09-25,3.9550,10,105.20,2.74,1858.30,0.90,123.16,3.20,53.84,1.40
34,Entry Long,Long,2014-09-22,3.8420,10,105.20,2.74,1858.30,0.90,123.16,3.20,53.84,1.40
33,Exit Long,Profit Target Reached,2014-09-16,3.9850,10,133.17,3.46,1753.09,1.15,146.16,3.80,12.84,0.33
33,Entry Long,Long,2014-09-14,3.8440,10,133.17,3.46,1753.09,1.15,146.16,3.80,12.84,0.33
32,Exit Long,Profit Target Reached,2014-08-28,4.0530,10,116.02,2.95,1619.92,1.01,158.07,4.02,5.93,0.15
32,Entry Long,Long,2014-08-26,3.9290,10,116.02,2.95,1619.92,1.01,158.07,4.02,5.93,0.15
31,Exit Long,Profit Target Reached,2014-08-06,3.9440,10,138.26,3.64,1503.91,1.22,143.20,3.77,44.80,1.18
31,Entry Long,Long,2014-08-03,3.7980,10,138.26,3.64,1503.91,1.22,143.20,3.77,44.80,1.18
30,Exit Long,Trailing Stop Hit,2014-07-02,4.3560,10,-222.93,-4.87,1365.65,-1.92,34.43,0.75,241.57,5.28
30,Entry Long,Long,2014-06-19,4.5700,10,-222.93,-4.87,1365.65,-1.92,34.43,0.75,241.57,5.28
29,Exit Long,Trailing Stop Hit,2014-06-11,4.5160,10,-107.13,-2.32,1588.57,-0.92,119.39,2.58,118.61,2.57
29,Entry Long,Long,2014-06-02,4.6140,10,-107.13,-2.32,1588.57,-0.92,119.39,2.58,118.61,2.57
28,Exit Long,Profit Target Reached,2014-05-27,4.4890,10,108.14,2.47,1695.70,0.93,131.63,3.01,21.37,0.49
28,Entry Long,Long,2014-05-22,4.3720,10,108.14,2.47,1695.70,0.93,131.63,3.01,21.37,0.49
27,Exit Long,Trailing Stop Hit,2014-05-08,4.5820,10,-218.37,-4.55,1587.56,-1.85,25.21,0.53,239.79,5.00
27,Entry Long,Long,2014-04-30,4.7910,10,-218.37,-4.55,1587.56,-1.85,25.21,0.53,239.79,5.00
26,Exit Long,Profit Target Reached,2014-04-17,4.7310,10,163.71,3.59,1805.94,1.41,178.44,3.91,83.56,1.83
26,Entry Long,Long,2014-04-09,4.5580,10,163.71,3.59,1805.94,1.41,178.44,3.91,83.56,1.83
25,Exit Long,Profit Target Reached,2014-04-08,4.5300,10,121.07,2.75,1642.23,1.05,159.60,3.62,187.40,4.25
25,Entry Long,Long,2014-03-25,4.4000,10,121.07,2.75,1642.23,1.05,159.60,3.62,187.40,4.25
24,Exit Long,Trailing Stop Hit,2014-03-13,4.3710,10,-295.03,-6.33,1521.16,-2.50,15.34,0.33,310.66,6.66
24,Entry Long,Long,2014-03-10,4.6570,10,-295.03,-6.33,1521.16,-2.50,15.34,0.33,310.66,6.66
23,Exit Long,Profit Target Reached,2014-02-19,6.0950,10,522.34,9.38,1816.18,4.63,702.44,12.62,9.56,0.17
23,Entry Long,Long,2014-02-18,5.5610,10,522.34,9.38,1816.18,4.63,702.44,12.62,9.56,0.17
22,Exit Long,Profit Target Reached,2014-02-13,5.2120,10,258.85,5.23,1293.84,2.35,282.06,5.70,171.94,3.48
22,Entry Long,Long,2014-02-11,4.9430,10,258.85,5.23,1293.84,2.35,282.06,5.70,171.94,3.48
21,Exit Long,Profit Target Reached,2014-01-21,4.4620,10,191.28,4.48,1035.00,1.76,203.74,4.78,4.26,0.10
21,Entry Long,Long,2014-01-20,4.2620,10,191.28,4.48,1035.00,1.76,203.74,4.78,4.26,0.10
20,Exit Long,Trailing Stop Hit,2014-01-08,4.1850,10,-215.58,-4.90,843.72,-1.95,79.61,1.81,218.39,4.97
20,Entry Long,Long,2013-12-25,4.3920,10,-215.58,-4.90,843.72,-1.95,79.61,1.81,218.39,4.97
19,Exit Long,Profit Target Reached,2013-11-20,3.6680,10,106.78,3.00,1059.30,0.97,142.45,4.00,70.55,1.98
19,Entry Long,Long,2013-11-13,3.5540,10,106.78,3.00,1059.30,0.97,142.45,4.00,70.55,1.98
18,Exit Long,Profit Target Reached,2013-11-12,3.6420,10,114.84,3.26,952.52,1.06,127.48,3.62,148.52,4.22
18,Entry Long,Long,2013-11-03,3.5200,10,114.84,3.26,952.52,1.06,127.48,3.62,148.52,4.22
17,Exit Long,Profit Target Reached,2013-10-07,3.6360,10,124.86,3.56,837.68,1.17,147.50,4.21,29.50,0.84
17,Entry Long,Long,2013-10-03,3.5040,10,124.86,3.56,837.68,1.17,147.50,4.21,29.50,0.84
16,Exit Long,Trailing Stop Hit,2013-09-24,3.4930,10,-245.22,-6.57,712.82,-2.24,76.27,2.04,250.73,6.71
16,Entry Long,Long,2013-09-17,3.7310,10,-245.22,-6.57,712.82,-2.24,76.27,2.04,250.73,6.71
15,Exit Long,Profit Target Reached,2013-08-19,3.4610,10,86.17,2.56,958.04,0.79,124.63,3.70,3.37,0.10
15,Entry Long,Long,2013-08-18,3.3680,10,86.17,2.56,958.04,0.79,124.63,3.70,3.37,0.10
14,Exit Long,Trailing Stop Hit,2013-07-28,3.5620,10,-203.32,-5.40,871.87,-1.84,13.24,0.35,218.76,5.82
14,Entry Long,Long,2013-07-21,3.7580,10,-203.32,-5.40,871.87,-1.84,13.24,0.35,218.76,5.82
13,Exit Long,Profit Target Reached,2013-07-18,3.8080,10,147.54,4.03,1075.19,1.35,169.35,4.63,114.65,3.14
13,Entry Long,Long,2013-07-09,3.6530,10,147.54,4.03,1075.19,1.35,169.35,4.63,114.65,3.14
12,Exit Long,Trailing Stop Hit,2013-06-24,3.7360,10,-218.68,-5.53,927.65,-1.96,9.05,0.23,229.95,5.82
12,Entry Long,Long,2013-06-19,3.9470,10,-218.68,-5.53,927.65,-1.96,9.05,0.23,229.95,5.82
11,Exit Long,Profit Target Reached,2013-05-21,4.1880,10,133.77,3.30,1146.34,1.21,153.95,3.80,192.05,4.74
11,Entry Long,Long,2013-05-05,4.0460,10,133.77,3.30,1146.34,1.21,153.95,3.80,192.05,4.74
10,Exit Long,Profit Target Reached,2013-04-18,4.4100,10,233.42,5.59,1012.57,2.17,251.83,6.04,86.17,2.07
10,Entry Long,Long,2013-04-11,4.1680,10,233.42,5.59,1012.57,2.17,251.83,6.04,86.17,2.07
9,Exit Long,Profit Target Reached,2013-02-25,3.4110,10,121.31,3.69,779.15,1.14,133.72,4.07,165.28,5.03
9,Entry Long,Long,2013-02-07,3.2830,10,121.31,3.69,779.15,1.14,133.72,4.07,165.28,5.03
8,Exit Long,Profit Target Reached,2013-01-17,3.4770,10,97.15,2.88,657.84,0.92,146.63,4.34,53.37,1.58
8,Entry Long,Long,2013-01-14,3.3730,10,97.15,2.88,657.84,0.92,146.63,4.34,53.37,1.58
7,Exit Long,Profit Target Reached,2012-12-30,3.4590,10,93.18,2.77,560.69,0.89,119.64,3.56,62.36,1.85
7,Entry Long,Long,2012-12-25,3.3590,10,93.18,2.77,560.69,0.89,119.64,3.56,62.36,1.85
6,Exit Long,Profit Target Reached,2012-11-21,3.9000,10,150.36,4.01,467.51,1.46,160.26,4.28,85.74,2.29
6,Entry Long,Long,2012-11-14,3.7420,10,150.36,4.01,467.51,1.46,160.26,4.28,85.74,2.29
5,Exit Long,Trailing Stop Hit,2012-11-04,3.5400,10,-159.23,-4.31,317.15,-1.52,44.31,1.20,165.69,4.48
5,Entry Long,Long,2012-10-31,3.6920,10,-159.23,-4.31,317.15,-1.52,44.31,1.20,165.69,4.48
4,Exit Long,Profit Target Reached,2012-10-29,3.8090,10,379.77,11.09,476.39,3.76,397.58,11.61,72.42,2.11
4,Entry Long,Long,2012-10-25,3.4220,10,379.77,11.09,476.39,3.76,397.58,11.61,72.42,2.11
3,Exit Long,Trailing Stop Hit,2012-10-16,3.4380,10,-171.04,-4.74,96.62,-1.67,0,0.00,199.60,5.54
3,Entry Long,Long,2012-10-14,3.6020,10,-171.04,-4.74,96.62,-1.67,0,0.00,199.60,5.54
2,Exit Long,Profit Target Reached,2012-10-01,3.4730,10,184.25,5.61,267.66,1.83,197.72,6.02,38.28,1.17
2,Entry Long,Long,2012-09-27,3.2820,10,184.25,5.61,267.66,1.83,197.72,6.02,38.28,1.17
1,Exit Long,Profit Target Reached,2012-09-10,2.8390,10,83.41,3.03,83.41,0.83,88.25,3.21,103.75,3.77
1,Entry Long,Long,2012-09-06,2.7500,10,83.41,3.03,83.41,0.83,88.25,3.21,103.75,3.77